Date,Fund,Product,Book,ProductClass,Vega Notional,Financial PnL, NAV 
1/19/2021,VISTA MACRO MASTER FIM,Swap SPX VAR 936.36 22SEP2020 19MAR2021,Vol_SPX/NDX_,Variance Swap,-46500.00,47111.89238,973746114.44
1/19/2021,VISTA MACRO MASTER FIM,Swap SPX VAR 615.04 06JAN2021 16JUL2021,Vol_SPX/NDX_,Variance Swap,-36800.00,106237.7476,973746114.44
1/19/2021,VISTA MACRO MASTER FIM,Swap SPX VAR 630.01 CAP 2.5 18NOV2020 18JUN2021,Vol_SPX/NDX_,Variance Swap,-93000.00,100875.7444,973746114.44
1/19/2021,VISTA MACRO MASTER FIM,Swap SPX VAR 650.25 06JAN2021 21JAN2022,Vol_SPX/NDX_,Variance Swap,-46500.00,153092.4997,973746114.44
1/19/2021,VISTA MACRO MASTER FIM,Swap SPX VAR 702.25 23DEC2020 18JUN2021,Vol_SPX/NDX_,Variance Swap,-25000.20,135208.1698,973746114.44
1/18/2021,VISTA MACRO MASTER FIM,Swap SPX VAR 615.04 06JAN2021 16JUL2021,Vol_SPX/NDX_,Variance Swap,-46500.00,2447.389817,969097801.02
1/18/2021,VISTA MACRO MASTER FIM,Swap SPX VAR 630.01 CAP 2.5 18NOV2020 18JUN2021,Vol_SPX/NDX_,Variance Swap,-36800.00,90.55160904,969097801.02
1/18/2021,VISTA MACRO MASTER FIM,Swap SPX VAR 650.25 06JAN2021 21JAN2022,Vol_SPX/NDX_,Variance Swap,-93000.00,13176.16419,969097801.02
1/18/2021,VISTA MACRO MASTER FIM,Swap SPX VAR 702.25 23DEC2020 18JUN2021,Vol_SPX/NDX_,Variance Swap,-46500.00,4643.341075,969097801.02
1/18/2021,VISTA MACRO MASTER FIM,Swap SPX VAR 936.36 22SEP2020 19MAR2021,Vol_SPX/NDX_,Variance Swap,-25000.20,5024.526918,969097801.02
1/15/2021,VISTA MACRO MASTER FIM,Swap SPX VAR 961 CAP 2.5 05OCT2020 19MAR2021,Vol_SPX/NDX_,Variance Swap,0.00,-23896.61743,1015253364.89
1/15/2021,VISTA MACRO MASTER FIM,Swap SPX VAR 936.36 22SEP2020 19MAR2021,Vol_SPX/NDX_,Variance Swap,-46500.00,-2554.384277,1015253364.89
1/15/2021,VISTA MACRO MASTER FIM,Swap SPX VAR 702.25 23DEC2020 18JUN2021,Vol_SPX/NDX_,Variance Swap,-36800.00,-124144.8388,1015253364.89
1/15/2021,VISTA MACRO MASTER FIM,Swap SPX VAR 615.04 06JAN2021 16JUL2021,Vol_SPX/NDX_,Variance Swap,-93000.00,-152356.9907,1015253364.89
1/15/2021,VISTA MACRO MASTER FIM,Swap SPX VAR 630.01 CAP 2.5 18NOV2020 18JUN2021,Vol_SPX/NDX_,Variance Swap,-46500.00,-88475.48405,1015253364.89
1/15/2021,VISTA MACRO MASTER FIM,Swap SPX VAR 1169.64 CAP 2.5 28OCT2020 19MAR2021,Vol_SPX/NDX_,Variance Swap,-25000.20,-55589.95362,1015253364.89
1/15/2021,VISTA MACRO MASTER FIM,Swap SPX VAR 650.25 06JAN2021 21JAN2022,Vol_SPX/NDX_,Variance Swap,0.00,-249214.4102,1015253364.89
1/14/2021,VISTA MACRO MASTER FIM,Swap SPX VAR 1169.64 CAP 2.5 28OCT2020 19MAR2021,Vol_SPX/NDX_,Variance Swap,-25000.00,-50339.12008,1002644989.80
1/14/2021,VISTA MACRO MASTER FIM,Swap SPX VAR 615.04 06JAN2021 16JUL2021,Vol_SPX/NDX_,Variance Swap,-46500.00,-79594.446,1002644989.80
1/14/2021,VISTA MACRO MASTER FIM,Swap SPX VAR 630.01 CAP 2.5 18NOV2020 18JUN2021,Vol_SPX/NDX_,Variance Swap,-36800.00,-85149.95216,1002644989.80
1/14/2021,VISTA MACRO MASTER FIM,Swap SPX VAR 650.25 06JAN2021 21JAN2022,Vol_SPX/NDX_,Variance Swap,-93000.00,-133188.8253,1002644989.80
1/14/2021,VISTA MACRO MASTER FIM,Swap SPX VAR 702.25 23DEC2020 18JUN2021,Vol_SPX/NDX_,Variance Swap,-46500.00,-116271.9649,1002644989.80
1/14/2021,VISTA MACRO MASTER FIM,Swap SPX VAR 936.36 22SEP2020 19MAR2021,Vol_SPX/NDX_,Variance Swap,-25000.20,-41523.54699,1002644989.80
1/14/2021,VISTA MACRO MASTER FIM,Swap SPX VAR 961 CAP 2.5 05OCT2020 19MAR2021,Vol_SPX/NDX_,Variance Swap,-10000.00,-17188.22374,1002644989.80
1/13/2021,VISTA MACRO MASTER FIM,Swap SPX VAR 630.01 CAP 2.5 18NOV2020 18JUN2021,Vol_SPX/NDX_,Variance Swap,-25000.00,78543.35582,1006830824.60
1/13/2021,VISTA MACRO MASTER FIM,Swap SPX VAR 615.04 06JAN2021 16JUL2021,Vol_SPX/NDX_,Variance Swap,-46500.00,116046.9866,1006830824.60
1/13/2021,VISTA MACRO MASTER FIM,Swap SPX VAR 650.25 06JAN2021 21JAN2022,Vol_SPX/NDX_,Variance Swap,-36800.00,141794.4686,1006830824.60
1/13/2021,VISTA MACRO MASTER FIM,Swap SPX VAR 702.25 23DEC2020 18JUN2021,Vol_SPX/NDX_,Variance Swap,-93000.00,105182.5817,1006830824.60
1/13/2021,VISTA MACRO MASTER FIM,Swap SPX VAR 936.36 22SEP2020 19MAR2021,Vol_SPX/NDX_,Variance Swap,-46500.00,27092.13531,1006830824.60
1/13/2021,VISTA MACRO MASTER FIM,Swap SPX VAR 961 CAP 2.5 05OCT2020 19MAR2021,Vol_SPX/NDX_,Variance Swap,-25000.20,12092.98129,1006830824.60
1/13/2021,VISTA MACRO MASTER FIM,Swap SPX VAR 1169.64 CAP 2.5 28OCT2020 19MAR2021,Vol_SPX/NDX_,Variance Swap,-10000.00,29927.54668,1006830824.60
1/12/2021,VISTA MACRO MASTER FIM,Swap SPX VAR 1169.64 CAP 2.5 28OCT2020 19MAR2021,Vol_SPX/NDX_,Variance Swap,-25000.00,14172.90217,996451439.47
1/12/2021,VISTA MACRO MASTER FIM,Swap SPX VAR 615.04 06JAN2021 16JUL2021,Vol_SPX/NDX_,Variance Swap,-46500.00,155914.2387,996451439.47
1/12/2021,VISTA MACRO MASTER FIM,Swap SPX VAR 630.01 CAP 2.5 18NOV2020 18JUN2021,Vol_SPX/NDX_,Variance Swap,-36800.00,104379.1164,996451439.47
1/12/2021,VISTA MACRO MASTER FIM,Swap SPX VAR 650.25 06JAN2021 21JAN2022,Vol_SPX/NDX_,Variance Swap,-93000.00,243839.9108,996451439.47
1/12/2021,VISTA MACRO MASTER FIM,Swap SPX VAR 702.25 23DEC2020 18JUN2021,Vol_SPX/NDX_,Variance Swap,-46500.00,150454.0998,996451439.47
1/12/2021,VISTA MACRO MASTER FIM,Swap SPX VAR 961 CAP 2.5 05OCT2020 19MAR2021,Vol_SPX/NDX_,Variance Swap,-25000.20,7295.176341,996451439.47
1/12/2021,VISTA MACRO MASTER FIM,Swap SPX VAR 936.36 22SEP2020 19MAR2021,Vol_SPX/NDX_,Variance Swap,-10000.00,15264.48639,996451439.47
1/11/2021,VISTA MACRO MASTER FIM,Swap SPX VAR 702.25 23DEC2020 18JUN2021,Vol_SPX/NDX_,Variance Swap,-25000.00,-333590.2951,991048240.41
1/11/2021,VISTA MACRO MASTER FIM,Swap SPX VAR 1169.64 CAP 2.5 28OCT2020 19MAR2021,Vol_SPX/NDX_,Variance Swap,-46500.00,-58512.53383,991048240.41
1/11/2021,VISTA MACRO MASTER FIM,Swap SPX VAR 615.04 06JAN2021 16JUL2021,Vol_SPX/NDX_,Variance Swap,-36800.00,-373109.213,991048240.41
1/11/2021,VISTA MACRO MASTER FIM,Swap SPX VAR 630.01 CAP 2.5 18NOV2020 18JUN2021,Vol_SPX/NDX_,Variance Swap,-93000.00,-229563.504,991048240.41
1/11/2021,VISTA MACRO MASTER FIM,Swap SPX VAR 650.25 06JAN2021 21JAN2022,Vol_SPX/NDX_,Variance Swap,-46500.00,-648517.1426,991048240.41
1/11/2021,VISTA MACRO MASTER FIM,Swap SPX VAR 936.36 22SEP2020 19MAR2021,Vol_SPX/NDX_,Variance Swap,-25000.20,-52032.28636,991048240.41
1/11/2021,VISTA MACRO MASTER FIM,Swap SPX VAR 961 CAP 2.5 05OCT2020 19MAR2021,Vol_SPX/NDX_,Variance Swap,-10000.00,-23379.17753,991048240.41
1/8/2021,VISTA MACRO MASTER FIM,Swap SPX VAR 702.25 23DEC2020 18JUN2021,Vol_SPX/NDX_,Variance Swap,-25000.00,44871.81097,983323569.03
1/8/2021,VISTA MACRO MASTER FIM,Swap SPX VAR 936.36 22SEP2020 19MAR2021,Vol_SPX/NDX_,Variance Swap,-46500.00,19586.37493,983323569.03
1/8/2021,VISTA MACRO MASTER FIM,Swap SPX VAR 650.25 06JAN2021 21JAN2022,Vol_SPX/NDX_,Variance Swap,-36800.00,133112.9847,983323569.03
1/8/2021,VISTA MACRO MASTER FIM,Swap SPX VAR 630.01 CAP 2.5 18NOV2020 18JUN2021,Vol_SPX/NDX_,Variance Swap,-93000.00,30532.19006,983323569.03
1/8/2021,VISTA MACRO MASTER FIM,Swap SPX VAR 1169.64 CAP 2.5 28OCT2020 19MAR2021,Vol_SPX/NDX_,Variance Swap,-46500.00,22494.0685,983323569.03
1/8/2021,VISTA MACRO MASTER FIM,Swap SPX VAR 961 CAP 2.5 05OCT2020 19MAR2021,Vol_SPX/NDX_,Variance Swap,-25000.20,8444.478664,983323569.03
1/8/2021,VISTA MACRO MASTER FIM,Swap SPX VAR 615.04 06JAN2021 16JUL2021,Vol_SPX/NDX_,Variance Swap,-10000.00,75432.95608,983323569.03
1/7/2021,VISTA MACRO MASTER FIM,Swap SPX VAR 630.01 CAP 2.5 18NOV2020 18JUN2021,Vol_SPX/NDX_,Variance Swap,-25000.00,259104.5577,1018984411.18
1/7/2021,VISTA MACRO MASTER FIM,Swap SPX VAR 650.25 06JAN2021 21JAN2022,Vol_SPX/NDX_,Variance Swap,-46500.00,-272210.3864,1018984411.18
1/7/2021,VISTA MACRO MASTER FIM,Swap SPX VAR 702.25 23DEC2020 18JUN2021,Vol_SPX/NDX_,Variance Swap,-36800.00,343733.8831,1018984411.18
1/7/2021,VISTA MACRO MASTER FIM,Swap SPX VAR 936.36 22SEP2020 19MAR2021,Vol_SPX/NDX_,Variance Swap,-93000.00,134257.235,1018984411.18
1/7/2021,VISTA MACRO MASTER FIM,Swap SPX VAR 961 CAP 2.5 05OCT2020 19MAR2021,Vol_SPX/NDX_,Variance Swap,-46500.00,59554.35989,1018984411.18
1/7/2021,VISTA MACRO MASTER FIM,Swap SPX VAR 1169.64 CAP 2.5 28OCT2020 19MAR2021,Vol_SPX/NDX_,Variance Swap,-25000.20,164418.7616,1018984411.18
1/7/2021,VISTA MACRO MASTER FIM,Swap SPX VAR 615.04 06JAN2021 16JUL2021,Vol_SPX/NDX_,Variance Swap,-10000.00,-561820.1603,1018984411.18
1/6/2021,VISTA MACRO MASTER FIM,Swap SPX VAR 615.04 06JAN2021 16JUL2021,Vol_SPX/NDX_,Variance Swap,-25000.00,399399.2689,1048223146.14
1/6/2021,VISTA MACRO MASTER FIM,Swap SPX VAR 630.01 CAP 2.5 18NOV2020 18JUN2021,Vol_SPX/NDX_,Variance Swap,-46500.00,6629.865864,1048223146.14
1/6/2021,VISTA MACRO MASTER FIM,Swap SPX VAR 650.25 06JAN2021 21JAN2022,Vol_SPX/NDX_,Variance Swap,-36800.00,234276.8722,1048223146.14
1/6/2021,VISTA MACRO MASTER FIM,Swap SPX VAR 1169.64 CAP 2.5 28OCT2020 19MAR2021,Vol_SPX/NDX_,Variance Swap,-93000.00,-13856.51618,1048223146.14
1/6/2021,VISTA MACRO MASTER FIM,Swap SPX VAR 702.25 23DEC2020 18JUN2021,Vol_SPX/NDX_,Variance Swap,-46500.00,40120.20431,1048223146.14
1/6/2021,VISTA MACRO MASTER FIM,Swap SPX VAR 936.36 22SEP2020 19MAR2021,Vol_SPX/NDX_,Variance Swap,-25000.20,-8094.03391,1048223146.14
1/6/2021,VISTA MACRO MASTER FIM,Swap SPX VAR 961 CAP 2.5 05OCT2020 19MAR2021,Vol_SPX/NDX_,Variance Swap,-10000.00,-5097.039635,1048223146.14
1/5/2021,VISTA MACRO MASTER FIM,Swap SPX VAR 961 CAP 2.5 05OCT2020 19MAR2021,Vol_SPX/NDX_,Variance Swap,-25000.00,25715.78215,1003972435.89
1/5/2021,VISTA MACRO MASTER FIM,Swap SPX VAR 936.36 22SEP2020 19MAR2021,Vol_SPX/NDX_,Variance Swap,-36800.00,59647.57331,1003972435.89
1/5/2021,VISTA MACRO MASTER FIM,Swap SPX VAR 702.25 23DEC2020 18JUN2021,Vol_SPX/NDX_,Variance Swap,-46500.00,185623.6003,1003972435.89
1/5/2021,VISTA MACRO MASTER FIM,Swap SPX VAR 630.01 CAP 2.5 18NOV2020 18JUN2021,Vol_SPX/NDX_,Variance Swap,-25000.20,139276.8555,1003972435.89
1/5/2021,VISTA MACRO MASTER FIM,Swap SPX VAR 1169.64 CAP 2.5 28OCT2020 19MAR2021,Vol_SPX/NDX_,Variance Swap,-10000.00,69240.32211,1003972435.89
1/4/2021,VISTA MACRO MASTER FIM,Swap SPX VAR 1169.64 CAP 2.5 28OCT2020 19MAR2021,Vol_SPX/NDX_,Variance Swap,-25000.00,-123537.0792,987368312.49
1/4/2021,VISTA MACRO MASTER FIM,Swap SPX VAR 630.01 CAP 2.5 18NOV2020 18JUN2021,Vol_SPX/NDX_,Variance Swap,-36800.00,-339899.9921,987368312.49
1/4/2021,VISTA MACRO MASTER FIM,Swap SPX VAR 702.25 23DEC2020 18JUN2021,Vol_SPX/NDX_,Variance Swap,-46500.00,-474629.4255,987368312.49
1/4/2021,VISTA MACRO MASTER FIM,Swap SPX VAR 961 CAP 2.5 05OCT2020 19MAR2021,Vol_SPX/NDX_,Variance Swap,-25000.20,-47482.83389,987368312.49
1/4/2021,VISTA MACRO MASTER FIM,Swap SPX VAR 936.36 22SEP2020 19MAR2021,Vol_SPX/NDX_,Variance Swap,-10000.00,-109399.6179,987368312.49
12/31/2020,VISTA MACRO MASTER FIM,Swap SPX VAR 961 CAP 2.5 05OCT2020 19MAR2021,Vol_SPX/NDX_,Variance Swap,-25000.00,10903.34178,979891292.47
12/31/2020,VISTA MACRO MASTER FIM,Swap SPX VAR 702.25 23DEC2020 18JUN2021,Vol_SPX/NDX_,Variance Swap,-36800.00,108296.1793,979891292.47
12/31/2020,VISTA MACRO MASTER FIM,Swap SPX VAR 630.01 CAP 2.5 18NOV2020 18JUN2021,Vol_SPX/NDX_,Variance Swap,-46500.00,76477.71203,979891292.47
12/31/2020,VISTA MACRO MASTER FIM,Swap SPX VAR 1169.64 CAP 2.5 28OCT2020 19MAR2021,Vol_SPX/NDX_,Variance Swap,-25000.20,29043.89479,979891292.47
12/31/2020,VISTA MACRO MASTER FIM,Swap SPX VAR 936.36 22SEP2020 19MAR2021,Vol_SPX/NDX_,Variance Swap,-10000.00,27006.76992,979891292.47
12/30/2020,VISTA MACRO MASTER FIM,Swap SPX VAR 702.25 23DEC2020 18JUN2021,Vol_SPX/NDX_,Variance Swap,-25000.00,148617.5786,968346176.69
12/30/2020,VISTA MACRO MASTER FIM,Swap SPX VAR 1169.64 CAP 2.5 28OCT2020 19MAR2021,Vol_SPX/NDX_,Variance Swap,-36800.00,43707.45377,968346176.69
12/30/2020,VISTA MACRO MASTER FIM,Swap SPX VAR 961 CAP 2.5 05OCT2020 19MAR2021,Vol_SPX/NDX_,Variance Swap,-46500.00,16673.66735,968346176.69
12/30/2020,VISTA MACRO MASTER FIM,Swap SPX VAR 630.01 CAP 2.5 18NOV2020 18JUN2021,Vol_SPX/NDX_,Variance Swap,-25000.20,95844.32305,968346176.69
12/30/2020,VISTA MACRO MASTER FIM,Swap SPX VAR 936.36 22SEP2020 19MAR2021,Vol_SPX/NDX_,Variance Swap,-10000.00,39077.12767,968346176.69
12/29/2020,VISTA MACRO MASTER FIM,Swap SPX VAR 630.01 CAP 2.5 18NOV2020 18JUN2021,Vol_SPX/NDX_,Variance Swap,-25000.00,-133179.7441,959444480.51
12/29/2020,VISTA MACRO MASTER FIM,Swap SPX VAR 702.25 23DEC2020 18JUN2021,Vol_SPX/NDX_,Variance Swap,-36800.00,-179107.6446,959444480.51
12/29/2020,VISTA MACRO MASTER FIM,Swap SPX VAR 961 CAP 2.5 05OCT2020 19MAR2021,Vol_SPX/NDX_,Variance Swap,-46500.00,-23149.30747,959444480.51
12/29/2020,VISTA MACRO MASTER FIM,Swap SPX VAR 936.36 22SEP2020 19MAR2021,Vol_SPX/NDX_,Variance Swap,-25000.20,-303539.7169,959444480.51
12/29/2020,VISTA MACRO MASTER FIM,Swap SPX VAR 1169.64 CAP 2.5 28OCT2020 19MAR2021,Vol_SPX/NDX_,Variance Swap,-10000.00,-64563.96965,959444480.51
12/28/2020,VISTA MACRO MASTER FIM,Swap SPX VAR 961 CAP 2.5 05OCT2020 19MAR2021,Vol_SPX/NDX_,Variance Swap,-25000.00,10452.37732,961394463.66
12/28/2020,VISTA MACRO MASTER FIM,Swap SPX VAR 936.36 22SEP2020 19MAR2021,Vol_SPX/NDX_,Variance Swap,-36800.00,27271.34699,961394463.66
12/28/2020,VISTA MACRO MASTER FIM,Swap SPX VAR 702.25 23DEC2020 18JUN2021,Vol_SPX/NDX_,Variance Swap,-46500.00,54357.29739,961394463.66
12/28/2020,VISTA MACRO MASTER FIM,Swap SPX VAR 630.01 CAP 2.5 18NOV2020 18JUN2021,Vol_SPX/NDX_,Variance Swap,-25000.20,42198.00071,961394463.66
12/28/2020,VISTA MACRO MASTER FIM,Swap SPX VAR 1169.64 CAP 2.5 28OCT2020 19MAR2021,Vol_SPX/NDX_,Variance Swap,-10000.00,30505.51198,961394463.66
12/24/2020,VISTA MACRO MASTER FIM,Swap SPX VAR 936.36 22SEP2020 19MAR2021,Vol_SPX/NDX_,Variance Swap,-25000.00,43272.94038,958894253.46
12/24/2020,VISTA MACRO MASTER FIM,Swap SPX VAR 961 CAP 2.5 05OCT2020 19MAR2021,Vol_SPX/NDX_,Variance Swap,-36800.00,18506.45546,958894253.46
12/24/2020,VISTA MACRO MASTER FIM,Swap SPX VAR 1169.64 CAP 2.5 28OCT2020 19MAR2021,Vol_SPX/NDX_,Variance Swap,-46500.00,49275.81816,958894253.46
12/24/2020,VISTA MACRO MASTER FIM,Swap SPX VAR 702.25 23DEC2020 18JUN2021,Vol_SPX/NDX_,Variance Swap,-25000.20,113736.2583,958894253.46
12/24/2020,VISTA MACRO MASTER FIM,Swap SPX VAR 630.01 CAP 2.5 18NOV2020 18JUN2021,Vol_SPX/NDX_,Variance Swap,-10000.00,91837.02544,958894253.46
12/23/2020,VISTA MACRO MASTER FIM,Swap SPX VAR 961 CAP 2.5 05OCT2020 19MAR2021,Vol_SPX/NDX_,Variance Swap,-25000.00,34617.29584,952613314.71
12/23/2020,VISTA MACRO MASTER FIM,Swap SPX VAR 936.36 22SEP2020 19MAR2021,Vol_SPX/NDX_,Variance Swap,-36800.00,379170.1062,952613314.71
12/23/2020,VISTA MACRO MASTER FIM,Swap SPX VAR 702.25 23DEC2020 18JUN2021,Vol_SPX/NDX_,Variance Swap,-46500.00,239847.5509,952613314.71
12/23/2020,VISTA MACRO MASTER FIM,Swap SPX VAR 630.01 CAP 2.5 18NOV2020 18JUN2021,Vol_SPX/NDX_,Variance Swap,-25000.20,233595.4579,952613314.71
12/23/2020,VISTA MACRO MASTER FIM,Swap SPX VAR 1169.64 CAP 2.5 28OCT2020 19MAR2021,Vol_SPX/NDX_,Variance Swap,-10000.00,93766.27564,952613314.71
12/22/2020,VISTA MACRO MASTER FIM,Swap SPX VAR 961 CAP 2.5 05OCT2020 19MAR2021,Vol_SPX/NDX_,Variance Swap,-25000.00,-39100.7274,965840428.59
12/22/2020,VISTA MACRO MASTER FIM,Swap SPX VAR 1169.64 CAP 2.5 28OCT2020 19MAR2021,Vol_SPX/NDX_,Variance Swap,-36800.00,-188927.673,965840428.59
12/22/2020,VISTA MACRO MASTER FIM,Swap SPX VAR 702.25 23DEC2020 18JUN2021,Vol_SPX/NDX_,Variance Swap,-46500.00,-257162.5967,965840428.59
12/22/2020,VISTA MACRO MASTER FIM,Swap SPX VAR 630.01 CAP 2.5 18NOV2020 18JUN2021,Vol_SPX/NDX_,Variance Swap,-25000.20,15942.89178,965840428.59
12/22/2020,VISTA MACRO MASTER FIM,Swap SPX VAR 936.36 22SEP2020 19MAR2021,Vol_SPX/NDX_,Variance Swap,-10000.00,-86798.17735,965840428.59
12/21/2020,VISTA MACRO MASTER FIM,Swap SPX VAR 936.36 22SEP2020 19MAR2021,Vol_SPX/NDX_,Variance Swap,-25000.00,-115707.3901,967574783.56
12/21/2020,VISTA MACRO MASTER FIM,Swap SPX VAR 702.25 23DEC2020 18JUN2021,Vol_SPX/NDX_,Variance Swap,-36800.00,145846.9052,967574783.56
12/21/2020,VISTA MACRO MASTER FIM,Swap SPX VAR 630.01 CAP 2.5 18NOV2020 18JUN2021,Vol_SPX/NDX_,Variance Swap,-46500.00,-197515.5448,967574783.56
12/21/2020,VISTA MACRO MASTER FIM,Swap SPX VAR 1169.64 CAP 2.5 28OCT2020 19MAR2021,Vol_SPX/NDX_,Variance Swap,-25000.20,-148706.165,967574783.56
12/21/2020,VISTA MACRO MASTER FIM,Swap SPX VAR 961 CAP 2.5 05OCT2020 19MAR2021,Vol_SPX/NDX_,Variance Swap,-10000.00,-51424.98958,967574783.56
12/18/2020,VISTA MACRO MASTER FIM,Swap SPX VAR 630.01 CAP 2.5 18NOV2020 18JUN2021,Vol_SPX/NDX_,Variance Swap,-25000.00,-54764.49439,990649223.95
12/18/2020,VISTA MACRO MASTER FIM,Swap SPX VAR 961 CAP 2.5 05OCT2020 19MAR2021,Vol_SPX/NDX_,Variance Swap,-36800.00,-12022.8261,990649223.95
12/18/2020,VISTA MACRO MASTER FIM,Swap SPX VAR 936.36 22SEP2020 19MAR2021,Vol_SPX/NDX_,Variance Swap,0.00,-27934.74083,990649223.95
12/18/2020,VISTA MACRO MASTER FIM,Swap SPX VAR 870.25 CAP 2.5 11SEP2020 18DEC2020,Vol_SPX/NDX_,Variance Swap,-25000.20,-117370.0372,990649223.95
12/18/2020,VISTA MACRO MASTER FIM,Swap SPX VAR 1169.64 CAP 2.5 28OCT2020 19MAR2021,Vol_SPX/NDX_,Variance Swap,-10000.00,-34562.42385,990649223.95
12/17/2020,VISTA MACRO MASTER FIM,Swap SPX VAR 961 CAP 2.5 05OCT2020 19MAR2021,Vol_SPX/NDX_,Variance Swap,-25000.00,41757.32047,965994677.26
12/17/2020,VISTA MACRO MASTER FIM,Swap SPX VAR 630.01 CAP 2.5 18NOV2020 18JUN2021,Vol_SPX/NDX_,Variance Swap,-36800.00,146621.7563,965994677.26
12/17/2020,VISTA MACRO MASTER FIM,Swap SPX VAR 1169.64 CAP 2.5 28OCT2020 19MAR2021,Vol_SPX/NDX_,Variance Swap,-9999.91,120824.0905,965994677.26
12/17/2020,VISTA MACRO MASTER FIM,Swap SPX VAR 870.25 CAP 2.5 11SEP2020 18DEC2020,Vol_SPX/NDX_,Variance Swap,-25000.20,15766.13782,965994677.26
12/17/2020,VISTA MACRO MASTER FIM,Swap SPX VAR 936.36 22SEP2020 19MAR2021,Vol_SPX/NDX_,Variance Swap,-10000.00,94072.47368,965994677.26
12/16/2020,VISTA MACRO MASTER FIM,Swap SPX VAR 1169.64 CAP 2.5 28OCT2020 19MAR2021,Vol_SPX/NDX_,Variance Swap,-25000.00,7824.251934,961411507.05
12/16/2020,VISTA MACRO MASTER FIM,Swap SPX VAR 630.01 CAP 2.5 18NOV2020 18JUN2021,Vol_SPX/NDX_,Variance Swap,-36800.00,268.85307,961411507.05
12/16/2020,VISTA MACRO MASTER FIM,Swap SPX VAR 870.25 CAP 2.5 11SEP2020 18DEC2020,Vol_SPX/NDX_,Variance Swap,-9999.91,2992.687664,961411507.05
12/16/2020,VISTA MACRO MASTER FIM,Swap SPX VAR 936.36 22SEP2020 19MAR2021,Vol_SPX/NDX_,Variance Swap,-25000.20,5611.269982,961411507.05
12/16/2020,VISTA MACRO MASTER FIM,Swap SPX VAR 961 CAP 2.5 05OCT2020 19MAR2021,Vol_SPX/NDX_,Variance Swap,-10000.00,2339.521402,961411507.05
12/15/2020,VISTA MACRO MASTER FIM,Swap SPX VAR 961 CAP 2.5 05OCT2020 19MAR2021,Vol_SPX/NDX_,Variance Swap,-25000.00,30374.51197,940379721.21
12/15/2020,VISTA MACRO MASTER FIM,Swap SPX VAR 870.25 CAP 2.5 11SEP2020 18DEC2020,Vol_SPX/NDX_,Variance Swap,-36800.00,8739.083712,940379721.21
12/15/2020,VISTA MACRO MASTER FIM,Swap SPX VAR 936.36 22SEP2020 19MAR2021,Vol_SPX/NDX_,Variance Swap,-9999.91,69384.97864,940379721.21
12/15/2020,VISTA MACRO MASTER FIM,Swap SPX VAR 1169.64 CAP 2.5 28OCT2020 19MAR2021,Vol_SPX/NDX_,Variance Swap,-25000.20,87038.79967,940379721.21
12/15/2020,VISTA MACRO MASTER FIM,Swap SPX VAR 630.01 CAP 2.5 18NOV2020 18JUN2021,Vol_SPX/NDX_,Variance Swap,-10000.00,121882.016,940379721.21
12/14/2020,VISTA MACRO MASTER FIM,Swap SPX VAR 1169.64 CAP 2.5 28OCT2020 19MAR2021,Vol_SPX/NDX_,Variance Swap,-25000.00,-54054.97335,943059285.34
12/14/2020,VISTA MACRO MASTER FIM,Swap SPX VAR 630.01 CAP 2.5 18NOV2020 18JUN2021,Vol_SPX/NDX_,Variance Swap,-36800.00,-95501.21658,943059285.34
12/14/2020,VISTA MACRO MASTER FIM,Swap SPX VAR 870.25 CAP 2.5 11SEP2020 18DEC2020,Vol_SPX/NDX_,Variance Swap,-9999.91,-2437.466262,943059285.34
12/14/2020,VISTA MACRO MASTER FIM,Swap SPX VAR 961 CAP 2.5 05OCT2020 19MAR2021,Vol_SPX/NDX_,Variance Swap,-25000.20,-19317.42605,943059285.34
12/14/2020,VISTA MACRO MASTER FIM,Swap SPX VAR 936.36 22SEP2020 19MAR2021,Vol_SPX/NDX_,Variance Swap,-10000.00,-42075.71715,943059285.34
12/11/2020,VISTA MACRO MASTER FIM,Swap SPX VAR 870.25 CAP 2.5 11SEP2020 18DEC2020,Vol_SPX/NDX_,Variance Swap,-25000.00,3338.597882,944190531.78
12/11/2020,VISTA MACRO MASTER FIM,Swap SPX VAR 1169.64 CAP 2.5 28OCT2020 19MAR2021,Vol_SPX/NDX_,Variance Swap,-36800.00,-74635.69127,944190531.78
12/11/2020,VISTA MACRO MASTER FIM,Swap SPX VAR 630.01 CAP 2.5 18NOV2020 18JUN2021,Vol_SPX/NDX_,Variance Swap,-9999.91,-101447.8826,944190531.78
12/11/2020,VISTA MACRO MASTER FIM,Swap SPX VAR 936.36 22SEP2020 19MAR2021,Vol_SPX/NDX_,Variance Swap,-25000.20,-60095.24129,944190531.78
12/11/2020,VISTA MACRO MASTER FIM,Swap SPX VAR 961 CAP 2.5 05OCT2020 19MAR2021,Vol_SPX/NDX_,Variance Swap,-10000.00,-25711.93253,944190531.78
12/10/2020,VISTA MACRO MASTER FIM,Swap SPX VAR 1169.64 CAP 2.5 28OCT2020 19MAR2021,Vol_SPX/NDX_,Variance Swap,-25000.00,-22171.7563,940657775.31
12/10/2020,VISTA MACRO MASTER FIM,Swap SPX VAR 630.01 CAP 2.5 18NOV2020 18JUN2021,Vol_SPX/NDX_,Variance Swap,-36800.00,-15865.2717,940657775.31
12/10/2020,VISTA MACRO MASTER FIM,Swap SPX VAR 870.25 CAP 2.5 11SEP2020 18DEC2020,Vol_SPX/NDX_,Variance Swap,-9999.91,-3033.60431,940657775.31
12/10/2020,VISTA MACRO MASTER FIM,Swap SPX VAR 936.36 22SEP2020 19MAR2021,Vol_SPX/NDX_,Variance Swap,-25000.20,-15484.40115,940657775.31
12/10/2020,VISTA MACRO MASTER FIM,Swap SPX VAR 961 CAP 2.5 05OCT2020 19MAR2021,Vol_SPX/NDX_,Variance Swap,-10000.00,-5923.150279,940657775.31
12/9/2020,VISTA MACRO MASTER FIM,Swap SPX VAR 1169.64 CAP 2.5 28OCT2020 19MAR2021,Vol_SPX/NDX_,Variance Swap,-25000.00,-40801.14858,851832467.23
12/9/2020,VISTA MACRO MASTER FIM,Swap SPX VAR 630.01 CAP 2.5 18NOV2020 18JUN2021,Vol_SPX/NDX_,Variance Swap,-36800.00,-79283.96767,851832467.23
12/9/2020,VISTA MACRO MASTER FIM,Swap SPX VAR 870.25 CAP 2.5 11SEP2020 18DEC2020,Vol_SPX/NDX_,Variance Swap,-9999.91,2350.843242,851832467.23
12/9/2020,VISTA MACRO MASTER FIM,Swap SPX VAR 936.36 22SEP2020 19MAR2021,Vol_SPX/NDX_,Variance Swap,-25000.20,-34516.93796,851832467.23
12/9/2020,VISTA MACRO MASTER FIM,Swap SPX VAR 961 CAP 2.5 05OCT2020 19MAR2021,Vol_SPX/NDX_,Variance Swap,-10000.00,-14873.68277,851832467.23
12/8/2020,VISTA MACRO MASTER FIM,Swap SPX VAR 630.01 CAP 2.5 18NOV2020 18JUN2021,Vol_SPX/NDX_,Variance Swap,-25000.00,112564.0768,859608025.87
12/8/2020,VISTA MACRO MASTER FIM,Swap SPX VAR 870.25 CAP 2.5 11SEP2020 18DEC2020,Vol_SPX/NDX_,Variance Swap,-36800.00,16539.92084,859608025.87
12/8/2020,VISTA MACRO MASTER FIM,Swap SPX VAR 961 CAP 2.5 05OCT2020 19MAR2021,Vol_SPX/NDX_,Variance Swap,-9999.91,33163.97277,859608025.87
12/8/2020,VISTA MACRO MASTER FIM,Swap SPX VAR 1169.64 CAP 2.5 28OCT2020 19MAR2021,Vol_SPX/NDX_,Variance Swap,-25000.20,97779.34325,859608025.87
12/8/2020,VISTA MACRO MASTER FIM,Swap SPX VAR 936.36 22SEP2020 19MAR2021,Vol_SPX/NDX_,Variance Swap,-10000.00,76187.19412,859608025.87
12/7/2020,VISTA MACRO MASTER FIM,Swap SPX VAR 1169.64 CAP 2.5 28OCT2020 19MAR2021,Vol_SPX/NDX_,Variance Swap,-25000.00,-38703.52924,869728844.47
12/7/2020,VISTA MACRO MASTER FIM,Swap SPX VAR 630.01 CAP 2.5 18NOV2020 18JUN2021,Vol_SPX/NDX_,Variance Swap,-36800.00,-55902.28422,869728844.47
12/7/2020,VISTA MACRO MASTER FIM,Swap SPX VAR 870.25 CAP 2.5 11SEP2020 18DEC2020,Vol_SPX/NDX_,Variance Swap,-9999.91,1835.399999,869728844.47
12/7/2020,VISTA MACRO MASTER FIM,Swap SPX VAR 961 CAP 2.5 05OCT2020 19MAR2021,Vol_SPX/NDX_,Variance Swap,-25000.20,-12640.29013,869728844.47
12/7/2020,VISTA MACRO MASTER FIM,Swap SPX VAR 936.36 22SEP2020 19MAR2021,Vol_SPX/NDX_,Variance Swap,-10000.00,-26888.90908,869728844.47
12/4/2020,VISTA MACRO MASTER FIM,Swap SPX VAR 1169.64 CAP 2.5 28OCT2020 19MAR2021,Vol_SPX/NDX_,Variance Swap,-25000.00,58519.03565,851245983.72
12/4/2020,VISTA MACRO MASTER FIM,Swap SPX VAR 630.01 CAP 2.5 18NOV2020 18JUN2021,Vol_SPX/NDX_,Variance Swap,-36800.00,73014.09939,851245983.72
12/4/2020,VISTA MACRO MASTER FIM,Swap SPX VAR 870.25 CAP 2.5 11SEP2020 18DEC2020,Vol_SPX/NDX_,Variance Swap,-9999.91,16967.53423,851245983.72
12/4/2020,VISTA MACRO MASTER FIM,Swap SPX VAR 936.36 22SEP2020 19MAR2021,Vol_SPX/NDX_,Variance Swap,-25000.20,45271.60462,851245983.72
12/4/2020,VISTA MACRO MASTER FIM,Swap SPX VAR 961 CAP 2.5 05OCT2020 19MAR2021,Vol_SPX/NDX_,Variance Swap,-10000.00,20114.689,851245983.72
12/3/2020,VISTA MACRO MASTER FIM,Swap SPX VAR 1169.64 CAP 2.5 28OCT2020 19MAR2021,Vol_SPX/NDX_,Variance Swap,-25000.00,-23676.41386,840344895.54
12/3/2020,VISTA MACRO MASTER FIM,Swap SPX VAR 961 CAP 2.5 05OCT2020 19MAR2021,Vol_SPX/NDX_,Variance Swap,-36800.00,-6681.453055,840344895.54
12/3/2020,VISTA MACRO MASTER FIM,Swap SPX VAR 870.25 CAP 2.5 11SEP2020 18DEC2020,Vol_SPX/NDX_,Variance Swap,-9999.91,-1690.839965,840344895.54
12/3/2020,VISTA MACRO MASTER FIM,Swap SPX VAR 630.01 CAP 2.5 18NOV2020 18JUN2021,Vol_SPX/NDX_,Variance Swap,-25000.20,-1121.282568,840344895.54
12/3/2020,VISTA MACRO MASTER FIM,Swap SPX VAR 936.36 22SEP2020 19MAR2021,Vol_SPX/NDX_,Variance Swap,-10000.00,-17003.27484,840344895.54
12/2/2020,VISTA MACRO MASTER FIM,Swap SPX VAR 961 CAP 2.5 05OCT2020 19MAR2021,Vol_SPX/NDX_,Variance Swap,-25000.00,9131.83353,843224841.97
12/2/2020,VISTA MACRO MASTER FIM,Swap SPX VAR 1169.64 CAP 2.5 28OCT2020 19MAR2021,Vol_SPX/NDX_,Variance Swap,-36800.00,26963.00683,843224841.97
12/2/2020,VISTA MACRO MASTER FIM,Swap SPX VAR 630.01 CAP 2.5 18NOV2020 18JUN2021,Vol_SPX/NDX_,Variance Swap,-9999.91,21639.22005,843224841.97
12/2/2020,VISTA MACRO MASTER FIM,Swap SPX VAR 870.25 CAP 2.5 11SEP2020 18DEC2020,Vol_SPX/NDX_,Variance Swap,-25000.20,11451.35326,843224841.97
12/2/2020,VISTA MACRO MASTER FIM,Swap SPX VAR 936.36 22SEP2020 19MAR2021,Vol_SPX/NDX_,Variance Swap,-10000.00,20714.56898,843224841.97
12/1/2020,VISTA MACRO MASTER FIM,Swap SPX VAR 1169.64 CAP 2.5 28OCT2020 19MAR2021,Vol_SPX/NDX_,Variance Swap,-25000.00,-16700.127,818451830.39
12/1/2020,VISTA MACRO MASTER FIM,Swap SPX VAR 630.01 CAP 2.5 18NOV2020 18JUN2021,Vol_SPX/NDX_,Variance Swap,-36800.00,24341.11586,818451830.39
12/1/2020,VISTA MACRO MASTER FIM,Swap SPX VAR 870.25 CAP 2.5 11SEP2020 18DEC2020,Vol_SPX/NDX_,Variance Swap,-9999.91,-5086.269154,818451830.39
12/1/2020,VISTA MACRO MASTER FIM,Swap SPX VAR 936.36 22SEP2020 19MAR2021,Vol_SPX/NDX_,Variance Swap,-25000.20,-11007.44886,818451830.39
12/1/2020,VISTA MACRO MASTER FIM,Swap SPX VAR 961 CAP 2.5 05OCT2020 19MAR2021,Vol_SPX/NDX_,Variance Swap,-10000.00,-4189.55087,818451830.39
11/30/2020,VISTA MACRO MASTER FIM,Swap SPX VAR 1169.64 CAP 2.5 28OCT2020 19MAR2021,Vol_SPX/NDX_,Variance Swap,-25000.00,6826.3029,837418322.04
11/30/2020,VISTA MACRO MASTER FIM,Swap SPX VAR 630.01 CAP 2.5 18NOV2020 18JUN2021,Vol_SPX/NDX_,Variance Swap,-36800.00,-6115.280573,837418322.04
11/30/2020,VISTA MACRO MASTER FIM,Swap SPX VAR 870.25 CAP 2.5 11SEP2020 18DEC2020,Vol_SPX/NDX_,Variance Swap,-9999.91,862.30051,837418322.04
11/30/2020,VISTA MACRO MASTER FIM,Swap SPX VAR 961 CAP 2.5 05OCT2020 19MAR2021,Vol_SPX/NDX_,Variance Swap,-25000.20,1940.35391,837418322.04
11/30/2020,VISTA MACRO MASTER FIM,Swap SPX VAR 936.36 22SEP2020 19MAR2021,Vol_SPX/NDX_,Variance Swap,-10000.00,7538.657611,837418322.04
11/27/2020,VISTA MACRO MASTER FIM,Swap SPX VAR 630.01 CAP 2.5 18NOV2020 18JUN2021,Vol_SPX/NDX_,Variance Swap,-25000.00,30516.27595,832787089.85
11/27/2020,VISTA MACRO MASTER FIM,Swap SPX VAR 961 CAP 2.5 05OCT2020 19MAR2021,Vol_SPX/NDX_,Variance Swap,-36800.00,10935.57279,832787089.85
11/27/2020,VISTA MACRO MASTER FIM,Swap SPX VAR 1169.64 CAP 2.5 28OCT2020 19MAR2021,Vol_SPX/NDX_,Variance Swap,-9999.91,32659.26567,832787089.85
11/27/2020,VISTA MACRO MASTER FIM,Swap SPX VAR 936.36 22SEP2020 19MAR2021,Vol_SPX/NDX_,Variance Swap,-25000.20,24556.96224,832787089.85
11/27/2020,VISTA MACRO MASTER FIM,Swap SPX VAR 870.25 CAP 2.5 11SEP2020 18DEC2020,Vol_SPX/NDX_,Variance Swap,-10000.00,6974.784585,832787089.85
11/26/2020,VISTA MACRO MASTER FIM,Swap SPX VAR 1169.64 CAP 2.5 28OCT2020 19MAR2021,Vol_SPX/NDX_,Variance Swap,-25000.00,-807.500998,828956392.91
11/26/2020,VISTA MACRO MASTER FIM,Swap SPX VAR 630.01 CAP 2.5 18NOV2020 18JUN2021,Vol_SPX/NDX_,Variance Swap,-36800.00,-12.81523404,828956392.91
11/26/2020,VISTA MACRO MASTER FIM,Swap SPX VAR 870.25 CAP 2.5 11SEP2020 18DEC2020,Vol_SPX/NDX_,Variance Swap,-9999.91,1930.215819,828956392.91
11/26/2020,VISTA MACRO MASTER FIM,Swap SPX VAR 936.36 22SEP2020 19MAR2021,Vol_SPX/NDX_,Variance Swap,-25000.20,1352.54676,828956392.91
11/26/2020,VISTA MACRO MASTER FIM,Swap SPX VAR 961 CAP 2.5 05OCT2020 19MAR2021,Vol_SPX/NDX_,Variance Swap,-10000.00,-238.914238,828956392.91
11/25/2020,VISTA MACRO MASTER FIM,Swap SPX VAR 936.36 22SEP2020 19MAR2021,Vol_SPX/NDX_,Variance Swap,-25000.00,45348.41859,825399134.40
11/25/2020,VISTA MACRO MASTER FIM,Swap SPX VAR 961 CAP 2.5 05OCT2020 19MAR2021,Vol_SPX/NDX_,Variance Swap,-36800.00,19935.19447,825399134.40
11/25/2020,VISTA MACRO MASTER FIM,Swap SPX VAR 870.25 CAP 2.5 11SEP2020 18DEC2020,Vol_SPX/NDX_,Variance Swap,-9999.91,9094.620872,825399134.40
11/25/2020,VISTA MACRO MASTER FIM,Swap SPX VAR 630.01 CAP 2.5 18NOV2020 18JUN2021,Vol_SPX/NDX_,Variance Swap,-25000.20,75147.6736,825399134.40
11/25/2020,VISTA MACRO MASTER FIM,Swap SPX VAR 1169.64 CAP 2.5 28OCT2020 19MAR2021,Vol_SPX/NDX_,Variance Swap,-10000.00,55401.34516,825399134.40
11/24/2020,VISTA MACRO MASTER FIM,Swap SPX VAR 961 CAP 2.5 05OCT2020 19MAR2021,Vol_SPX/NDX_,Variance Swap,-25000.00,13478.74332,806893585.70
11/24/2020,VISTA MACRO MASTER FIM,Swap SPX VAR 1169.64 CAP 2.5 28OCT2020 19MAR2021,Vol_SPX/NDX_,Variance Swap,-36800.00,37305.62269,806893585.70
11/24/2020,VISTA MACRO MASTER FIM,Swap SPX VAR 630.01 CAP 2.5 18NOV2020 18JUN2021,Vol_SPX/NDX_,Variance Swap,-9999.91,71825.57988,806893585.70
11/24/2020,VISTA MACRO MASTER FIM,Swap SPX VAR 870.25 CAP 2.5 11SEP2020 18DEC2020,Vol_SPX/NDX_,Variance Swap,-25000.20,4687.028671,806893585.70
11/24/2020,VISTA MACRO MASTER FIM,Swap SPX VAR 936.36 22SEP2020 19MAR2021,Vol_SPX/NDX_,Variance Swap,-10000.00,30613.77599,806893585.70
11/23/2020,VISTA MACRO MASTER FIM,Swap SPX VAR 630.01 CAP 2.5 18NOV2020 18JUN2021,Vol_SPX/NDX_,Variance Swap,-25000.00,45966.32044,802938354.56
11/23/2020,VISTA MACRO MASTER FIM,Swap SPX VAR 1169.64 CAP 2.5 28OCT2020 19MAR2021,Vol_SPX/NDX_,Variance Swap,-36800.00,65561.35767,802938354.56
11/23/2020,VISTA MACRO MASTER FIM,Swap SPX VAR 961 CAP 2.5 05OCT2020 19MAR2021,Vol_SPX/NDX_,Variance Swap,-9999.91,22022.51929,802938354.56
11/23/2020,VISTA MACRO MASTER FIM,Swap SPX VAR 870.25 CAP 2.5 11SEP2020 18DEC2020,Vol_SPX/NDX_,Variance Swap,-25000.20,18540.22485,802938354.56
11/23/2020,VISTA MACRO MASTER FIM,Swap SPX VAR 936.36 22SEP2020 19MAR2021,Vol_SPX/NDX_,Variance Swap,-10000.00,52912.76098,802938354.56
11/20/2020,VISTA MACRO MASTER FIM,Swap SPX VAR 961 CAP 2.5 05OCT2020 19MAR2021,Vol_SPX/NDX_,Variance Swap,-25000.00,7914.00269,800823936.08
11/20/2020,VISTA MACRO MASTER FIM,Swap SPX VAR 936.36 22SEP2020 19MAR2021,Vol_SPX/NDX_,Variance Swap,-36800.00,18388.80311,800823936.08
11/20/2020,VISTA MACRO MASTER FIM,Swap SPX VAR 870.25 CAP 2.5 11SEP2020 18DEC2020,Vol_SPX/NDX_,Variance Swap,-9999.91,14075.69262,800823936.08
11/20/2020,VISTA MACRO MASTER FIM,Swap SPX VAR 630.01 CAP 2.5 18NOV2020 18JUN2021,Vol_SPX/NDX_,Variance Swap,-25000.20,-6538.012967,800823936.08
11/20/2020,VISTA MACRO MASTER FIM,Swap SPX VAR 1169.64 CAP 2.5 28OCT2020 19MAR2021,Vol_SPX/NDX_,Variance Swap,-10000.00,25709.03595,800823936.08
11/19/2020,VISTA MACRO MASTER FIM,Swap SPX VAR 936.36 22SEP2020 19MAR2021,Vol_SPX/NDX_,Variance Swap,-25000.00,48852.63014,799504168.17
11/19/2020,VISTA MACRO MASTER FIM,Swap SPX VAR 1169.64 CAP 2.5 28OCT2020 19MAR2021,Vol_SPX/NDX_,Variance Swap,-36800.00,60803.41978,799504168.17
11/19/2020,VISTA MACRO MASTER FIM,Swap SPX VAR 961 CAP 2.5 05OCT2020 19MAR2021,Vol_SPX/NDX_,Variance Swap,-9999.91,21175.02013,799504168.17
11/19/2020,VISTA MACRO MASTER FIM,Swap SPX VAR 870.25 CAP 2.5 11SEP2020 18DEC2020,Vol_SPX/NDX_,Variance Swap,-25000.20,19310.54768,799504168.17
11/19/2020,VISTA MACRO MASTER FIM,Swap SPX VAR 630.01 CAP 2.5 18NOV2020 18JUN2021,Vol_SPX/NDX_,Variance Swap,-10000.00,71989.40888,799504168.17
11/18/2020,VISTA MACRO MASTER FIM,Swap SPX VAR 1169.64 CAP 2.5 28OCT2020 19MAR2021,Vol_SPX/NDX_,Variance Swap,-25000.00,-51789.92757,806596959.09
11/18/2020,VISTA MACRO MASTER FIM,Swap SPX VAR 961 CAP 2.5 05OCT2020 19MAR2021,Vol_SPX/NDX_,Variance Swap,-36800.00,-17621.577,806596959.09
11/18/2020,VISTA MACRO MASTER FIM,Swap SPX VAR 936.36 22SEP2020 19MAR2021,Vol_SPX/NDX_,Variance Swap,-9999.91,-41322.96837,806596959.09
11/18/2020,VISTA MACRO MASTER FIM,Swap SPX VAR 870.25 CAP 2.5 11SEP2020 18DEC2020,Vol_SPX/NDX_,Variance Swap,-25000.20,-5198.391796,806596959.09
11/18/2020,VISTA MACRO MASTER FIM,Swap SPX VAR 630.01 CAP 2.5 18NOV2020 18JUN2021,Vol_SPX/NDX_,Variance Swap,-10000.00,-234880.7601,806596959.09
11/17/2020,VISTA MACRO MASTER FIM,Swap SPX VAR 961 CAP 2.5 05OCT2020 19MAR2021,Vol_SPX/NDX_,Variance Swap,-25000.00,2425.757669,811310515.07
11/17/2020,VISTA MACRO MASTER FIM,Swap SPX VAR 870.25 CAP 2.5 11SEP2020 18DEC2020,Vol_SPX/NDX_,Variance Swap,-9999.91,-1487.057373,811310515.07
11/17/2020,VISTA MACRO MASTER FIM,Swap SPX VAR 1169.64 CAP 2.5 28OCT2020 19MAR2021,Vol_SPX/NDX_,Variance Swap,-25000.20,4710.401046,811310515.07
11/17/2020,VISTA MACRO MASTER FIM,Swap SPX VAR 936.36 22SEP2020 19MAR2021,Vol_SPX/NDX_,Variance Swap,-10000.00,5178.671454,811310515.07
11/16/2020,VISTA MACRO MASTER FIM,Swap SPX VAR 870.25 CAP 2.5 11SEP2020 18DEC2020,Vol_SPX/NDX_,Variance Swap,-25000.00,7428.259556,799701844.23
11/16/2020,VISTA MACRO MASTER FIM,Swap SPX VAR 1169.64 CAP 2.5 28OCT2020 19MAR2021,Vol_SPX/NDX_,Variance Swap,-9999.91,6862.857539,799701844.23
11/16/2020,VISTA MACRO MASTER FIM,Swap SPX VAR 936.36 22SEP2020 19MAR2021,Vol_SPX/NDX_,Variance Swap,-25000.20,8121.56628,799701844.23
11/16/2020,VISTA MACRO MASTER FIM,Swap SPX VAR 961 CAP 2.5 05OCT2020 19MAR2021,Vol_SPX/NDX_,Variance Swap,-10000.00,2867.015649,799701844.23
11/13/2020,VISTA MACRO MASTER FIM,Swap SPX VAR 961 CAP 2.5 05OCT2020 19MAR2021,Vol_SPX/NDX_,Variance Swap,-25000.00,75883.50648,785086395.36
11/13/2020,VISTA MACRO MASTER FIM,Swap SPX VAR 870.25 CAP 2.5 11SEP2020 18DEC2020,Vol_SPX/NDX_,Variance Swap,-9999.91,67936.83096,785086395.36
11/13/2020,VISTA MACRO MASTER FIM,Swap SPX VAR 1169.64 CAP 2.5 28OCT2020 19MAR2021,Vol_SPX/NDX_,Variance Swap,-25000.20,219214.7927,785086395.36
11/13/2020,VISTA MACRO MASTER FIM,Swap SPX VAR 936.36 22SEP2020 19MAR2021,Vol_SPX/NDX_,Variance Swap,-10000.00,176727.4983,785086395.36
11/12/2020,VISTA MACRO MASTER FIM,Swap SPX VAR 1169.64 CAP 2.5 28OCT2020 19MAR2021,Vol_SPX/NDX_,Variance Swap,-25000.00,-179032.2311,793462656.95
11/12/2020,VISTA MACRO MASTER FIM,Swap SPX VAR 870.25 CAP 2.5 11SEP2020 18DEC2020,Vol_SPX/NDX_,Variance Swap,-9999.91,-40146.18837,793462656.95
11/12/2020,VISTA MACRO MASTER FIM,Swap SPX VAR 936.36 22SEP2020 19MAR2021,Vol_SPX/NDX_,Variance Swap,-25000.20,-146696.4054,793462656.95
11/12/2020,VISTA MACRO MASTER FIM,Swap SPX VAR 961 CAP 2.5 05OCT2020 19MAR2021,Vol_SPX/NDX_,Variance Swap,-10000.00,-62537.37713,793462656.95
11/11/2020,VISTA MACRO MASTER FIM,Swap SPX VAR 1169.64 CAP 2.5 28OCT2020 19MAR2021,Vol_SPX/NDX_,Variance Swap,-25000.00,107560.2431,798378755.91
11/11/2020,VISTA MACRO MASTER FIM,Swap SPX VAR 870.25 CAP 2.5 11SEP2020 18DEC2020,Vol_SPX/NDX_,Variance Swap,-9999.91,37220.02974,798378755.91
11/11/2020,VISTA MACRO MASTER FIM,Swap SPX VAR 936.36 22SEP2020 19MAR2021,Vol_SPX/NDX_,Variance Swap,-25000.20,85853.41668,798378755.91
11/11/2020,VISTA MACRO MASTER FIM,Swap SPX VAR 961 CAP 2.5 05OCT2020 19MAR2021,Vol_SPX/NDX_,Variance Swap,-10000.00,36896.16086,798378755.91
11/10/2020,VISTA MACRO MASTER FIM,Swap SPX VAR 870.25 CAP 2.5 11SEP2020 18DEC2020,Vol_SPX/NDX_,Variance Swap,-25000.00,5129.403706,790271477.52
11/10/2020,VISTA MACRO MASTER FIM,Swap SPX VAR 1169.64 CAP 2.5 28OCT2020 19MAR2021,Vol_SPX/NDX_,Variance Swap,-9999.91,-11715.82346,790271477.52
11/10/2020,VISTA MACRO MASTER FIM,Swap SPX VAR 961 CAP 2.5 05OCT2020 19MAR2021,Vol_SPX/NDX_,Variance Swap,-25000.20,-3448.37952,790271477.52
11/10/2020,VISTA MACRO MASTER FIM,Swap SPX VAR 936.36 22SEP2020 19MAR2021,Vol_SPX/NDX_,Variance Swap,-10000.00,-8603.609116,790271477.52
11/9/2020,VISTA MACRO MASTER FIM,Swap SPX VAR 1169.64 CAP 2.5 28OCT2020 19MAR2021,Vol_SPX/NDX_,Variance Swap,-25000.00,134134.0026,796353074.64
11/9/2020,VISTA MACRO MASTER FIM,Swap SPX VAR 870.25 CAP 2.5 11SEP2020 18DEC2020,Vol_SPX/NDX_,Variance Swap,-9999.91,12382.12771,796353074.64
11/9/2020,VISTA MACRO MASTER FIM,Swap SPX VAR 936.36 22SEP2020 19MAR2021,Vol_SPX/NDX_,Variance Swap,-25000.20,110647.0478,796353074.64
11/9/2020,VISTA MACRO MASTER FIM,Swap SPX VAR 961 CAP 2.5 05OCT2020 19MAR2021,Vol_SPX/NDX_,Variance Swap,-10000.00,47014.69866,796353074.64
11/6/2020,VISTA MACRO MASTER FIM,Swap SPX VAR 870.25 CAP 2.5 11SEP2020 18DEC2020,Vol_SPX/NDX_,Variance Swap,-25000.00,77568.65525,788307796.12
11/6/2020,VISTA MACRO MASTER FIM,Swap SPX VAR 961 CAP 2.5 05OCT2020 19MAR2021,Vol_SPX/NDX_,Variance Swap,-9999.91,66978.60941,788307796.12
11/6/2020,VISTA MACRO MASTER FIM,Swap SPX VAR 1169.64 CAP 2.5 28OCT2020 19MAR2021,Vol_SPX/NDX_,Variance Swap,-25000.20,188971.2175,788307796.12
11/6/2020,VISTA MACRO MASTER FIM,Swap SPX VAR 936.36 22SEP2020 19MAR2021,Vol_SPX/NDX_,Variance Swap,-10000.00,159085.9747,788307796.12
11/5/2020,VISTA MACRO MASTER FIM,Swap SPX VAR 870.25 CAP 2.5 11SEP2020 18DEC2020,Vol_SPX/NDX_,Variance Swap,-25000.00,35784.99034,749354771.55
11/5/2020,VISTA MACRO MASTER FIM,Swap SPX VAR 1169.64 CAP 2.5 28OCT2020 19MAR2021,Vol_SPX/NDX_,Variance Swap,-9999.91,71093.08005,749354771.55
11/5/2020,VISTA MACRO MASTER FIM,Swap SPX VAR 961 CAP 2.5 05OCT2020 19MAR2021,Vol_SPX/NDX_,Variance Swap,-25000.20,26222.96014,749354771.55
11/5/2020,VISTA MACRO MASTER FIM,Swap SPX VAR 936.36 22SEP2020 19MAR2021,Vol_SPX/NDX_,Variance Swap,-10000.00,61124.41583,749354771.55
11/4/2020,VISTA MACRO MASTER FIM,Swap SPX VAR 961 CAP 2.5 05OCT2020 19MAR2021,Vol_SPX/NDX_,Variance Swap,-25000.00,289724.629,746913566.31
11/4/2020,VISTA MACRO MASTER FIM,Swap SPX VAR 936.36 22SEP2020 19MAR2021,Vol_SPX/NDX_,Variance Swap,-9999.91,691507.5548,746913566.31
11/4/2020,VISTA MACRO MASTER FIM,Swap SPX VAR 870.25 CAP 2.5 11SEP2020 18DEC2020,Vol_SPX/NDX_,Variance Swap,-25000.20,279850.3083,746913566.31
11/4/2020,VISTA MACRO MASTER FIM,Swap SPX VAR 1169.64 CAP 2.5 28OCT2020 19MAR2021,Vol_SPX/NDX_,Variance Swap,-10000.00,255274.2814,746913566.31
11/3/2020,VISTA MACRO MASTER FIM,Swap SPX VAR 1169.64 CAP 2.5 28OCT2020 19MAR2021,Vol_SPX/NDX_,Variance Swap,-25000.00,567884.4228,730377800.36
11/3/2020,VISTA MACRO MASTER FIM,Swap SPX VAR 870.25 CAP 2.5 11SEP2020 18DEC2020,Vol_SPX/NDX_,Variance Swap,-9999.91,-2064.8026,730377800.36
11/3/2020,VISTA MACRO MASTER FIM,Swap SPX VAR 936.36 22SEP2020 19MAR2021,Vol_SPX/NDX_,Variance Swap,-25000.20,-2790.37346,730377800.36
11/3/2020,VISTA MACRO MASTER FIM,Swap SPX VAR 961 CAP 2.5 05OCT2020 19MAR2021,Vol_SPX/NDX_,Variance Swap,-10000.00,1516.15927,730377800.36
10/30/2020,VISTA MACRO MASTER FIM,Swap SPX VAR 961 CAP 2.5 05OCT2020 19MAR2021,Vol_SPX/NDX_,Variance Swap,-25000.00,-95650.74859,735069422.58
10/30/2020,VISTA MACRO MASTER FIM,Swap SPX VAR 1169.64 CAP 2.5 28OCT2020 19MAR2021,Vol_SPX/NDX_,Variance Swap,-9999.91,-270883.032,735069422.58
10/30/2020,VISTA MACRO MASTER FIM,Swap SPX VAR 870.25 CAP 2.5 11SEP2020 18DEC2020,Vol_SPX/NDX_,Variance Swap,-25000.20,-75025.55384,735069422.58
10/30/2020,VISTA MACRO MASTER FIM,Swap SPX VAR 936.36 22SEP2020 19MAR2021,Vol_SPX/NDX_,Variance Swap,-10000.00,-226045.8523,735069422.58
10/29/2020,VISTA MACRO MASTER FIM,Swap SPX VAR 961 CAP 2.5 05OCT2020 19MAR2021,Vol_SPX/NDX_,Variance Swap,-25000.00,130487.5886,718559548.80
10/29/2020,VISTA MACRO MASTER FIM,Swap SPX VAR 936.36 22SEP2020 19MAR2021,Vol_SPX/NDX_,Variance Swap,-9999.91,313611.1409,718559548.80
10/29/2020,VISTA MACRO MASTER FIM,Swap SPX VAR 870.25 CAP 2.5 11SEP2020 18DEC2020,Vol_SPX/NDX_,Variance Swap,-25000.20,149967.2329,718559548.80
10/29/2020,VISTA MACRO MASTER FIM,Swap SPX VAR 1169.64 CAP 2.5 28OCT2020 19MAR2021,Vol_SPX/NDX_,Variance Swap,-10000.00,372323.0349,718559548.80
10/28/2020,VISTA MACRO MASTER FIM,Swap SPX VAR 936.36 22SEP2020 19MAR2021,Vol_SPX/NDX_,Variance Swap,-25000.00,-579486.9174,753697283.13
10/28/2020,VISTA MACRO MASTER FIM,Swap SPX VAR 961 CAP 2.5 05OCT2020 19MAR2021,Vol_SPX/NDX_,Variance Swap,-9999.91,-244097.982,753697283.13
10/28/2020,VISTA MACRO MASTER FIM,Swap SPX VAR 1169.64 CAP 2.5 28OCT2020 19MAR2021,Vol_SPX/NDX_,Variance Swap,-25000.20,-177985.7527,753697283.13
10/28/2020,VISTA MACRO MASTER FIM,Swap SPX VAR 870.25 CAP 2.5 11SEP2020 18DEC2020,Vol_SPX/NDX_,Variance Swap,-10000.00,-260786.6903,753697283.13
10/27/2020,VISTA MACRO MASTER FIM,Swap SPX VAR 961 CAP 2.5 05OCT2020 19MAR2021,Vol_SPX/NDX_,Variance Swap,-9999.91,14588.81637,741487812.86
10/27/2020,VISTA MACRO MASTER FIM,Swap SPX VAR 936.36 22SEP2020 19MAR2021,Vol_SPX/NDX_,Variance Swap,-25000.20,34002.28014,741487812.86
10/27/2020,VISTA MACRO MASTER FIM,Swap SPX VAR 870.25 CAP 2.5 11SEP2020 18DEC2020,Vol_SPX/NDX_,Variance Swap,-10000.00,25283.70105,741487812.86
10/26/2020,VISTA MACRO MASTER FIM,Swap SPX VAR 870.25 CAP 2.5 11SEP2020 18DEC2020,Vol_SPX/NDX_,Variance Swap,-9999.91,-172792.6494,756741351.96
10/26/2020,VISTA MACRO MASTER FIM,Swap SPX VAR 936.36 22SEP2020 19MAR2021,Vol_SPX/NDX_,Variance Swap,-25000.20,-330032.0522,756741351.96
10/26/2020,VISTA MACRO MASTER FIM,Swap SPX VAR 961 CAP 2.5 05OCT2020 19MAR2021,Vol_SPX/NDX_,Variance Swap,-10000.00,-138184.2035,756741351.96
10/23/2020,VISTA MACRO MASTER FIM,Swap SPX VAR 961 CAP 2.5 05OCT2020 19MAR2021,Vol_SPX/NDX_,Variance Swap,-9999.91,20709.97333,761679824.00
10/23/2020,VISTA MACRO MASTER FIM,Swap SPX VAR 936.36 22SEP2020 19MAR2021,Vol_SPX/NDX_,Variance Swap,-25000.20,49842.72711,761679824.00
10/23/2020,VISTA MACRO MASTER FIM,Swap SPX VAR 870.25 CAP 2.5 11SEP2020 18DEC2020,Vol_SPX/NDX_,Variance Swap,-10000.00,29977.39977,761679824.00
10/22/2020,VISTA MACRO MASTER FIM,Swap SPX VAR 961 CAP 2.5 05OCT2020 19MAR2021,Vol_SPX/NDX_,Variance Swap,-9999.91,40538.28922,759185516.52
10/22/2020,VISTA MACRO MASTER FIM,Swap SPX VAR 870.25 CAP 2.5 11SEP2020 18DEC2020,Vol_SPX/NDX_,Variance Swap,-25000.20,37939.62061,759185516.52
10/22/2020,VISTA MACRO MASTER FIM,Swap SPX VAR 936.36 22SEP2020 19MAR2021,Vol_SPX/NDX_,Variance Swap,-10000.00,95671.96437,759185516.52
10/21/2020,VISTA MACRO MASTER FIM,Swap SPX VAR 936.36 22SEP2020 19MAR2021,Vol_SPX/NDX_,Variance Swap,-9999.91,64497.66904,755228194.40
10/21/2020,VISTA MACRO MASTER FIM,Swap SPX VAR 870.25 CAP 2.5 11SEP2020 18DEC2020,Vol_SPX/NDX_,Variance Swap,-25000.20,34534.56616,755228194.40
10/21/2020,VISTA MACRO MASTER FIM,Swap SPX VAR 961 CAP 2.5 05OCT2020 19MAR2021,Vol_SPX/NDX_,Variance Swap,-10000.00,26062.66207,755228194.40
10/20/2020,VISTA MACRO MASTER FIM,Swap SPX VAR 936.36 22SEP2020 19MAR2021,Vol_SPX/NDX_,Variance Swap,-9999.91,40775.5472,740378230.70
10/20/2020,VISTA MACRO MASTER FIM,Swap SPX VAR 870.25 CAP 2.5 11SEP2020 18DEC2020,Vol_SPX/NDX_,Variance Swap,-25000.20,17303.17664,740378230.70
10/20/2020,VISTA MACRO MASTER FIM,Swap SPX VAR 961 CAP 2.5 05OCT2020 19MAR2021,Vol_SPX/NDX_,Variance Swap,-10000.00,16915.17632,740378230.70
10/19/2020,VISTA MACRO MASTER FIM,Swap SPX VAR 870.25 CAP 2.5 11SEP2020 18DEC2020,Vol_SPX/NDX_,Variance Swap,-9999.91,-82556.54874,743163803.52
10/19/2020,VISTA MACRO MASTER FIM,Swap SPX VAR 961 CAP 2.5 05OCT2020 19MAR2021,Vol_SPX/NDX_,Variance Swap,-25000.20,-79605.20606,743163803.52
10/19/2020,VISTA MACRO MASTER FIM,Swap SPX VAR 936.36 22SEP2020 19MAR2021,Vol_SPX/NDX_,Variance Swap,-10000.00,-189293.6815,743163803.52
10/16/2020,VISTA MACRO MASTER FIM,Swap SPX VAR 936.36 22SEP2020 19MAR2021,Vol_SPX/NDX_,Variance Swap,-9999.91,21548.6256,752950435.05
10/16/2020,VISTA MACRO MASTER FIM,Swap SPX VAR 870.25 CAP 2.5 11SEP2020 18DEC2020,Vol_SPX/NDX_,Variance Swap,-25000.20,17518.26719,752950435.05
10/16/2020,VISTA MACRO MASTER FIM,Swap SPX VAR 961 CAP 2.5 05OCT2020 19MAR2021,Vol_SPX/NDX_,Variance Swap,-10000.00,9239.037836,752950435.05
10/15/2020,VISTA MACRO MASTER FIM,Swap SPX VAR 961 CAP 2.5 05OCT2020 19MAR2021,Vol_SPX/NDX_,Variance Swap,-9999.91,-21792.73486,761338729.76
10/15/2020,VISTA MACRO MASTER FIM,Swap SPX VAR 870.25 CAP 2.5 11SEP2020 18DEC2020,Vol_SPX/NDX_,Variance Swap,-25000.20,-15101.44643,761338729.76
10/15/2020,VISTA MACRO MASTER FIM,Swap SPX VAR 936.36 22SEP2020 19MAR2021,Vol_SPX/NDX_,Variance Swap,-10000.00,-20873.51787,761338729.76
10/14/2020,VISTA MACRO MASTER FIM,Swap SPX VAR 870.25 CAP 2.5 11SEP2020 18DEC2020,Vol_SPX/NDX_,Variance Swap,-9999.91,13380.62093,747063630.97
10/14/2020,VISTA MACRO MASTER FIM,Swap SPX VAR 961 CAP 2.5 05OCT2020 19MAR2021,Vol_SPX/NDX_,Variance Swap,-25000.20,17787.8817,747063630.97
10/14/2020,VISTA MACRO MASTER FIM,Swap SPX VAR 936.36 22SEP2020 19MAR2021,Vol_SPX/NDX_,Variance Swap,-10000.00,951938.0847,747063630.97
10/13/2020,VISTA MACRO MASTER FIM,Swap SPX VAR 961 CAP 2.5 05OCT2020 19MAR2021,Vol_SPX/NDX_,Variance Swap,-9999.91,21940.23791,761816572.77
10/13/2020,VISTA MACRO MASTER FIM,Swap SPX VAR 936.36 22SEP2020 19MAR2021,Vol_SPX/NDX_,Variance Swap,-25000.20,-42526.58866,761816572.77
10/13/2020,VISTA MACRO MASTER FIM,Swap SPX VAR 870.25 CAP 2.5 11SEP2020 18DEC2020,Vol_SPX/NDX_,Variance Swap,-10000.00,9395.387088,761816572.77
10/9/2020,VISTA MACRO MASTER FIM,Swap SPX VAR 961 CAP 2.5 05OCT2020 19MAR2021,Vol_SPX/NDX_,Variance Swap,-9999.91,73667.89244,752952663.14
10/9/2020,VISTA MACRO MASTER FIM,Swap SPX VAR 936.36 22SEP2020 19MAR2021,Vol_SPX/NDX_,Variance Swap,-25000.20,-173238.1724,752952663.14
10/9/2020,VISTA MACRO MASTER FIM,Swap SPX VAR 870.25 CAP 2.5 11SEP2020 18DEC2020,Vol_SPX/NDX_,Variance Swap,-10000.00,69129.59027,752952663.14
10/8/2020,VISTA MACRO MASTER FIM,Swap SPX VAR 936.36 22SEP2020 19MAR2021,Vol_SPX/NDX_,Variance Swap,-9999.91,-128780.3707,739107153.41
10/8/2020,VISTA MACRO MASTER FIM,Swap SPX VAR 870.25 CAP 2.5 11SEP2020 18DEC2020,Vol_SPX/NDX_,Variance Swap,-25000.20,69894.73705,739107153.41
10/8/2020,VISTA MACRO MASTER FIM,Swap SPX VAR 961 CAP 2.5 05OCT2020 19MAR2021,Vol_SPX/NDX_,Variance Swap,-10000.00,54622.73145,739107153.41
10/7/2020,VISTA MACRO MASTER FIM,Swap SPX VAR 961 CAP 2.5 05OCT2020 19MAR2021,Vol_SPX/NDX_,Variance Swap,-9999.91,67378.13821,735368993.51
10/7/2020,VISTA MACRO MASTER FIM,Swap SPX VAR 936.36 22SEP2020 19MAR2021,Vol_SPX/NDX_,Variance Swap,-25000.20,-159428.4723,735368993.51
10/7/2020,VISTA MACRO MASTER FIM,Swap SPX VAR 870.25 CAP 2.5 11SEP2020 18DEC2020,Vol_SPX/NDX_,Variance Swap,-10000.00,73077.82977,735368993.51
10/6/2020,VISTA MACRO MASTER FIM,Swap SPX VAR 870.25 CAP 2.5 11SEP2020 18DEC2020,Vol_SPX/NDX_,Variance Swap,-9999.91,-31872.83454,749377910.46
10/6/2020,VISTA MACRO MASTER FIM,Swap SPX VAR 936.36 22SEP2020 19MAR2021,Vol_SPX/NDX_,Variance Swap,-25000.20,75442.54341,749377910.46
10/6/2020,VISTA MACRO MASTER FIM,Swap SPX VAR 961 CAP 2.5 05OCT2020 19MAR2021,Vol_SPX/NDX_,Variance Swap,-10000.00,-21617.92014,749377910.46
10/5/2020,VISTA MACRO MASTER FIM,Swap SPX VAR 870.25 CAP 2.5 11SEP2020 18DEC2020,Vol_SPX/NDX_,Variance Swap,-9999.91,43029.00088,729158097.39
10/5/2020,VISTA MACRO MASTER FIM,Swap SPX VAR 936.36 22SEP2020 19MAR2021,Vol_SPX/NDX_,Variance Swap,-25000.20,-96789.64203,729158097.39
10/5/2020,VISTA MACRO MASTER FIM,Swap SPX VAR 961 CAP 2.5 05OCT2020 19MAR2021,Vol_SPX/NDX_,Variance Swap,-10000.00,-5136.74648,729158097.39
10/2/2020,VISTA MACRO MASTER FIM,Swap SPX VAR 870.25 CAP 2.5 11SEP2020 18DEC2020,Vol_SPX/NDX_,Variance Swap,-9999.91,-5858.422442,747157621.48
10/2/2020,VISTA MACRO MASTER FIM,Swap SPX VAR 936.36 22SEP2020 19MAR2021,Vol_SPX/NDX_,Variance Swap,-25000.20,40185.12172,747157621.48
10/1/2020,VISTA MACRO MASTER FIM,Swap SPX VAR 936.36 22SEP2020 19MAR2021,Vol_SPX/NDX_,Variance Swap,-9999.91,50678.07274,741293100.48
10/1/2020,VISTA MACRO MASTER FIM,Swap SPX VAR 870.25 CAP 2.5 11SEP2020 18DEC2020,Vol_SPX/NDX_,Variance Swap,-25000.20,-5090.297234,741293100.48
9/30/2020,VISTA MACRO MASTER FIM,Swap SPX VAR 870.25 CAP 2.5 11SEP2020 18DEC2020,Vol_SPX/NDX_,Variance Swap,-9999.91,3516.258054,741259921.11
9/30/2020,VISTA MACRO MASTER FIM,Swap SPX VAR 936.36 22SEP2020 19MAR2021,Vol_SPX/NDX_,Variance Swap,-25000.20,-31328.13785,741259921.11
9/29/2020,VISTA MACRO MASTER FIM,Swap SPX VAR 870.25 CAP 2.5 11SEP2020 18DEC2020,Vol_SPX/NDX_,Variance Swap,-9999.91,35669.31796,745691473.37
9/29/2020,VISTA MACRO MASTER FIM,Swap SPX VAR 936.36 22SEP2020 19MAR2021,Vol_SPX/NDX_,Variance Swap,-25000.20,-67924.74629,745691473.37
9/28/2020,VISTA MACRO MASTER FIM,Swap SPX VAR 870.25 CAP 2.5 11SEP2020 18DEC2020,Vol_SPX/NDX_,Variance Swap,-9999.91,13099.24724,738366190.57
9/28/2020,VISTA MACRO MASTER FIM,Swap SPX VAR 936.36 22SEP2020 19MAR2021,Vol_SPX/NDX_,Variance Swap,-25000.20,-55056.25659,738366190.57
9/25/2020,VISTA MACRO MASTER FIM,Swap SPX VAR 870.25 CAP 2.5 11SEP2020 18DEC2020,Vol_SPX/NDX_,Variance Swap,-9999.91,64642.2967,744100811.46
9/25/2020,VISTA MACRO MASTER FIM,Swap SPX VAR 936.36 22SEP2020 19MAR2021,Vol_SPX/NDX_,Variance Swap,-25000.20,-132720.4119,744100811.46
9/24/2020,VISTA MACRO MASTER FIM,Swap SPX VAR 870.25 CAP 2.5 11SEP2020 18DEC2020,Vol_SPX/NDX_,Variance Swap,-9999.91,23737.94868,737175513.16
9/24/2020,VISTA MACRO MASTER FIM,Swap SPX VAR 936.36 22SEP2020 19MAR2021,Vol_SPX/NDX_,Variance Swap,-25000.20,156787.4768,737175513.16
9/23/2020,VISTA MACRO MASTER FIM,Swap SPX VAR 936.36 22SEP2020 19MAR2021,Vol_SPX/NDX_,Variance Swap,0.00,1759.56948,760295234.35
9/23/2020,VISTA MACRO MASTER FIM,Swap SPX VAR 756.25 CAP 2.5 31AUG2020 20NOV2020,Vol_SPX/NDX_,Variance Swap,0.00,-321.8719951,760295234.35
9/23/2020,VISTA MACRO MASTER FIM,Swap NDX VAR 1369 CAP 2.5 31AUG2020 20NOV2020,Vol_SPX/NDX_,Variance Swap,0.00,-123648.9089,760295234.35
9/23/2020,VISTA MACRO MASTER FIM,Swap NDX VAR 1455.4225 01SEP2020 20NOV2020,Vol_SPX/NDX_,Variance Swap,0.00,-365407.2409,760295234.35
9/23/2020,VISTA MACRO MASTER FIM,Swap SPX VAR 832.3225 01SEP2020 20NOV2020,Vol_SPX/NDX_,Variance Swap,-9999.91,1186.128642,760295234.35
9/23/2020,VISTA MACRO MASTER FIM,Swap SPX VAR 870.25 CAP 2.5 11SEP2020 18DEC2020,Vol_SPX/NDX_,Variance Swap,-25000.20,-105818.4829,760295234.35
9/22/2020,VISTA MACRO MASTER FIM,Swap SPX VAR 832.3225 01SEP2020 20NOV2020,Vol_SPX/NDX_,Variance Swap,-10000.36,-101962.0045,757101002.33
9/22/2020,VISTA MACRO MASTER FIM,Swap SPX VAR 936.36 22SEP2020 19MAR2021,Vol_SPX/NDX_,Variance Swap,-30000.00,93728.80194,757101002.33
9/22/2020,VISTA MACRO MASTER FIM,Swap SPX VAR 756.25 CAP 2.5 31AUG2020 20NOV2020,Vol_SPX/NDX_,Variance Swap,10000.10,-32953.13335,757101002.33
9/22/2020,VISTA MACRO MASTER FIM,Swap NDX VAR 1455.4225 01SEP2020 20NOV2020,Vol_SPX/NDX_,Variance Swap,30000.00,137085.3657,757101002.33
9/22/2020,VISTA MACRO MASTER FIM,Swap NDX VAR 1369 CAP 2.5 31AUG2020 20NOV2020,Vol_SPX/NDX_,Variance Swap,-9999.91,44573.65966,757101002.33
9/22/2020,VISTA MACRO MASTER FIM,Swap SPX VAR 870.25 CAP 2.5 11SEP2020 18DEC2020,Vol_SPX/NDX_,Variance Swap,-25000.20,19688.05172,757101002.33
9/21/2020,VISTA MACRO MASTER FIM,Swap SPX VAR 870.25 CAP 2.5 11SEP2020 18DEC2020,Vol_SPX/NDX_,Variance Swap,-10000.36,-56012.02453,764355584.43
9/21/2020,VISTA MACRO MASTER FIM,Swap SPX VAR 832.3225 01SEP2020 20NOV2020,Vol_SPX/NDX_,Variance Swap,-30000.00,165870.1731,764355584.43
9/21/2020,VISTA MACRO MASTER FIM,Swap NDX VAR 1455.4225 01SEP2020 20NOV2020,Vol_SPX/NDX_,Variance Swap,10000.10,74821.59314,764355584.43
9/21/2020,VISTA MACRO MASTER FIM,Swap SPX VAR 756.25 CAP 2.5 31AUG2020 20NOV2020,Vol_SPX/NDX_,Variance Swap,30000.00,55375.18376,764355584.43
9/21/2020,VISTA MACRO MASTER FIM,Swap NDX VAR 1369 CAP 2.5 31AUG2020 20NOV2020,Vol_SPX/NDX_,Variance Swap,-9999.91,24108.2555,764355584.43
9/18/2020,VISTA MACRO MASTER FIM,Swap NDX VAR 1369 CAP 2.5 31AUG2020 20NOV2020,Vol_SPX/NDX_,Variance Swap,-10000.36,8767.714272,769365748.66
9/18/2020,VISTA MACRO MASTER FIM,Swap NDX VAR 1455.4225 01SEP2020 20NOV2020,Vol_SPX/NDX_,Variance Swap,-30000.00,29702.16217,769365748.66
9/18/2020,VISTA MACRO MASTER FIM,Swap SPX VAR 756.25 CAP 2.5 31AUG2020 20NOV2020,Vol_SPX/NDX_,Variance Swap,10000.10,-18354.14619,769365748.66
9/18/2020,VISTA MACRO MASTER FIM,Swap SPX VAR 832.3225 01SEP2020 20NOV2020,Vol_SPX/NDX_,Variance Swap,30000.00,-59341.69991,769365748.66
9/18/2020,VISTA MACRO MASTER FIM,Swap SPX VAR 870.25 CAP 2.5 11SEP2020 18DEC2020,Vol_SPX/NDX_,Variance Swap,-9999.91,17538.03343,769365748.66
9/17/2020,VISTA MACRO MASTER FIM,Swap NDX VAR 1455.4225 01SEP2020 20NOV2020,Vol_SPX/NDX_,Variance Swap,-10000.36,51794.58767,767565917.82
9/17/2020,VISTA MACRO MASTER FIM,Swap NDX VAR 1369 CAP 2.5 31AUG2020 20NOV2020,Vol_SPX/NDX_,Variance Swap,-30000.00,16963.41598,767565917.82
9/17/2020,VISTA MACRO MASTER FIM,Swap SPX VAR 870.25 CAP 2.5 11SEP2020 18DEC2020,Vol_SPX/NDX_,Variance Swap,10000.10,-12340.08195,767565917.82
9/17/2020,VISTA MACRO MASTER FIM,Swap SPX VAR 756.25 CAP 2.5 31AUG2020 20NOV2020,Vol_SPX/NDX_,Variance Swap,30000.00,5957.615752,767565917.82
9/17/2020,VISTA MACRO MASTER FIM,Swap SPX VAR 832.3225 01SEP2020 20NOV2020,Vol_SPX/NDX_,Variance Swap,-9999.91,17699.58516,767565917.82
9/16/2020,VISTA MACRO MASTER FIM,Swap NDX VAR 1455.4225 01SEP2020 20NOV2020,Vol_SPX/NDX_,Variance Swap,-10000.36,-82005.62524,761855942.32
9/16/2020,VISTA MACRO MASTER FIM,Swap SPX VAR 756.25 CAP 2.5 31AUG2020 20NOV2020,Vol_SPX/NDX_,Variance Swap,-30000.00,-25217.137,761855942.32
9/16/2020,VISTA MACRO MASTER FIM,Swap SPX VAR 832.3225 01SEP2020 20NOV2020,Vol_SPX/NDX_,Variance Swap,10000.10,-74718.95153,761855942.32
9/16/2020,VISTA MACRO MASTER FIM,Swap SPX VAR 870.25 CAP 2.5 11SEP2020 18DEC2020,Vol_SPX/NDX_,Variance Swap,30000.00,-7790.924169,761855942.32
9/16/2020,VISTA MACRO MASTER FIM,Swap NDX VAR 1369 CAP 2.5 31AUG2020 20NOV2020,Vol_SPX/NDX_,Variance Swap,-9999.91,-26544.96214,761855942.32
9/15/2020,VISTA MACRO MASTER FIM,Swap SPX VAR 756.25 CAP 2.5 31AUG2020 20NOV2020,Vol_SPX/NDX_,Variance Swap,-10000.36,-9046.229284,744801627.33
9/15/2020,VISTA MACRO MASTER FIM,Swap SPX VAR 870.25 CAP 2.5 11SEP2020 18DEC2020,Vol_SPX/NDX_,Variance Swap,-30000.00,84714.35302,744801627.33
9/15/2020,VISTA MACRO MASTER FIM,Swap NDX VAR 1369 CAP 2.5 31AUG2020 20NOV2020,Vol_SPX/NDX_,Variance Swap,10000.10,-10304.00945,744801627.33
9/15/2020,VISTA MACRO MASTER FIM,Swap NDX VAR 1455.4225 01SEP2020 20NOV2020,Vol_SPX/NDX_,Variance Swap,30000.00,-30950.08022,744801627.33
9/15/2020,VISTA MACRO MASTER FIM,Swap SPX VAR 832.3225 01SEP2020 20NOV2020,Vol_SPX/NDX_,Variance Swap,-9999.91,-27817.63891,744801627.33
9/14/2020,VISTA MACRO MASTER FIM,Swap SPX VAR 832.3225 01SEP2020 20NOV2020,Vol_SPX/NDX_,Variance Swap,-10000.36,-168085.7834,733828307.36
9/14/2020,VISTA MACRO MASTER FIM,Swap SPX VAR 756.25 CAP 2.5 31AUG2020 20NOV2020,Vol_SPX/NDX_,Variance Swap,-30000.00,-56209.6216,733828307.36
9/14/2020,VISTA MACRO MASTER FIM,Swap NDX VAR 1455.4225 01SEP2020 20NOV2020,Vol_SPX/NDX_,Variance Swap,10000.10,173486.0708,733828307.36
9/14/2020,VISTA MACRO MASTER FIM,Swap NDX VAR 1369 CAP 2.5 31AUG2020 20NOV2020,Vol_SPX/NDX_,Variance Swap,30000.00,57762.62501,733828307.36
9/14/2020,VISTA MACRO MASTER FIM,Swap SPX VAR 870.25 CAP 2.5 11SEP2020 18DEC2020,Vol_SPX/NDX_,Variance Swap,-9999.91,489.31764,733828307.36
9/11/2020,VISTA MACRO MASTER FIM,Swap SPX VAR 756.25 CAP 2.5 31AUG2020 20NOV2020,Vol_SPX/NDX_,Variance Swap,-10000.36,-114377.7724,735145228.88
9/11/2020,VISTA MACRO MASTER FIM,Swap NDX VAR 1455.4225 01SEP2020 20NOV2020,Vol_SPX/NDX_,Variance Swap,-30000.00,279980.4407,735145228.88
9/11/2020,VISTA MACRO MASTER FIM,Swap NDX VAR 1369 CAP 2.5 31AUG2020 20NOV2020,Vol_SPX/NDX_,Variance Swap,10000.10,92001.70838,735145228.88
9/11/2020,VISTA MACRO MASTER FIM,Swap SPX VAR 832.3225 01SEP2020 20NOV2020,Vol_SPX/NDX_,Variance Swap,30000.00,-347457.3469,735145228.88
9/11/2020,VISTA MACRO MASTER FIM,Swap SPX VAR 870.25 CAP 2.5 11SEP2020 18DEC2020,Vol_SPX/NDX_,Variance Swap,-9999.91,-40090.22268,735145228.88
9/10/2020,VISTA MACRO MASTER FIM,Swap NDX VAR 1369 CAP 2.5 31AUG2020 20NOV2020,Vol_SPX/NDX_,Variance Swap,-10000.36,-819.760544,745649274.29
9/10/2020,VISTA MACRO MASTER FIM,Swap SPX VAR 756.25 CAP 2.5 31AUG2020 20NOV2020,Vol_SPX/NDX_,Variance Swap,-30000.00,45347.66109,745649274.29
9/10/2020,VISTA MACRO MASTER FIM,Swap NDX VAR 1455.4225 01SEP2020 20NOV2020,Vol_SPX/NDX_,Variance Swap,10000.10,-2059.726602,745649274.29
9/10/2020,VISTA MACRO MASTER FIM,Swap SPX VAR 832.3225 01SEP2020 20NOV2020,Vol_SPX/NDX_,Variance Swap,30000.00,136881.3614,745649274.29
9/9/2020,VISTA MACRO MASTER FIM,Swap NDX VAR 1455.4225 01SEP2020 20NOV2020,Vol_SPX/NDX_,Variance Swap,-10000.36,344948.8833,729248693.66
9/9/2020,VISTA MACRO MASTER FIM,Swap SPX VAR 756.25 CAP 2.5 31AUG2020 20NOV2020,Vol_SPX/NDX_,Variance Swap,-30000.00,-115110.4307,729248693.66
9/9/2020,VISTA MACRO MASTER FIM,Swap SPX VAR 832.3225 01SEP2020 20NOV2020,Vol_SPX/NDX_,Variance Swap,10000.10,-346471.6716,729248693.66
9/9/2020,VISTA MACRO MASTER FIM,Swap NDX VAR 1369 CAP 2.5 31AUG2020 20NOV2020,Vol_SPX/NDX_,Variance Swap,30000.00,114304.082,729248693.66
9/8/2020,VISTA MACRO MASTER FIM,Swap SPX VAR 832.3225 01SEP2020 20NOV2020,Vol_SPX/NDX_,Variance Swap,-10000.36,46957.30017,737974655.13
9/8/2020,VISTA MACRO MASTER FIM,Swap SPX VAR 756.25 CAP 2.5 31AUG2020 20NOV2020,Vol_SPX/NDX_,Variance Swap,-30000.00,16136.03354,737974655.13
9/8/2020,VISTA MACRO MASTER FIM,Swap NDX VAR 1369 CAP 2.5 31AUG2020 20NOV2020,Vol_SPX/NDX_,Variance Swap,10000.10,24315.10735,737974655.13
9/8/2020,VISTA MACRO MASTER FIM,Swap NDX VAR 1455.4225 01SEP2020 20NOV2020,Vol_SPX/NDX_,Variance Swap,30000.00,75366.63559,737974655.13
9/4/2020,VISTA MACRO MASTER FIM,Swap NDX VAR 1455.4225 01SEP2020 20NOV2020,Vol_SPX/NDX_,Variance Swap,-10000.36,237079.5849,741613143.01
9/4/2020,VISTA MACRO MASTER FIM,Swap SPX VAR 832.3225 01SEP2020 20NOV2020,Vol_SPX/NDX_,Variance Swap,-30000.00,-583918.8954,741613143.01
9/4/2020,VISTA MACRO MASTER FIM,Swap SPX VAR 756.25 CAP 2.5 31AUG2020 20NOV2020,Vol_SPX/NDX_,Variance Swap,10000.10,-192472.8692,741613143.01
9/4/2020,VISTA MACRO MASTER FIM,Swap NDX VAR 1369 CAP 2.5 31AUG2020 20NOV2020,Vol_SPX/NDX_,Variance Swap,30000.00,77913.17667,741613143.01
9/3/2020,VISTA MACRO MASTER FIM,Swap SPX VAR 832.3225 01SEP2020 20NOV2020,Vol_SPX/NDX_,Variance Swap,-10000.36,889224.6174,743972757.21
9/3/2020,VISTA MACRO MASTER FIM,Swap NDX VAR 1369 CAP 2.5 31AUG2020 20NOV2020,Vol_SPX/NDX_,Variance Swap,-30000.00,-241548.7139,743972757.21
9/3/2020,VISTA MACRO MASTER FIM,Swap NDX VAR 1455.4225 01SEP2020 20NOV2020,Vol_SPX/NDX_,Variance Swap,10000.10,-735397.9691,743972757.21
9/3/2020,VISTA MACRO MASTER FIM,Swap SPX VAR 756.25 CAP 2.5 31AUG2020 20NOV2020,Vol_SPX/NDX_,Variance Swap,30000.00,292531.3778,743972757.21
9/2/2020,VISTA MACRO MASTER FIM,Swap SPX VAR 832.3225 01SEP2020 20NOV2020,Vol_SPX/NDX_,Variance Swap,-10000.36,176405.5473,751539906.26
9/2/2020,VISTA MACRO MASTER FIM,Swap SPX VAR 756.25 CAP 2.5 31AUG2020 20NOV2020,Vol_SPX/NDX_,Variance Swap,-30000.00,53571.81522,751539906.26
9/2/2020,VISTA MACRO MASTER FIM,Swap NDX VAR 1455.4225 01SEP2020 20NOV2020,Vol_SPX/NDX_,Variance Swap,10000.10,-190862.9704,751539906.26
9/2/2020,VISTA MACRO MASTER FIM,Swap NDX VAR 1369 CAP 2.5 31AUG2020 20NOV2020,Vol_SPX/NDX_,Variance Swap,30000.00,-59835.84315,751539906.26
9/1/2020,VISTA MACRO MASTER FIM,Swap NDX VAR 1369 CAP 2.5 31AUG2020 20NOV2020,Vol_SPX/NDX_,Variance Swap,-10000.36,-234279.6109,744530745.09
9/1/2020,VISTA MACRO MASTER FIM,Swap NDX VAR 1455.4225 01SEP2020 20NOV2020,Vol_SPX/NDX_,Variance Swap,-30000.00,-241934.0879,744530745.09
9/1/2020,VISTA MACRO MASTER FIM,Swap SPX VAR 756.25 CAP 2.5 31AUG2020 20NOV2020,Vol_SPX/NDX_,Variance Swap,10000.10,-8065.796972,744530745.09
9/1/2020,VISTA MACRO MASTER FIM,Swap SPX VAR 832.3225 01SEP2020 20NOV2020,Vol_SPX/NDX_,Variance Swap,30000.00,281857.1875,744530745.09
8/31/2020,VISTA MACRO MASTER FIM,Swap NDX VAR 1369 CAP 2.5 31AUG2020 20NOV2020,Vol_SPX/NDX_,Variance Swap,-10000.36,100703.7732,749460012.42
8/31/2020,VISTA MACRO MASTER FIM,Swap SPX VAR 756.25 CAP 2.5 31AUG2020 20NOV2020,Vol_SPX/NDX_,Variance Swap,10000.10,152092.2013,749460012.42
